node;polygon
P03090;Central Business District
P02325;Central Business District
P03360;Central Business District
P00930;Central Business District
P02550;Central Business District
E17302;Shadyside
P03690;Central Business District
E17303;Shadyside
P02860;Central Business District
P01250;Central Business District
P03695;Central Business District
P02290;Central Business District
P02120;Central Business District
P00740;Central Business District
P03315;Central Business District
P01040;Central Business District
P02910;Central Business District
P03440;Central Business District
E17305;Shadyside
E17304;Shadyside
P02430;Central Business District
P01620;Central Business District
E19610;Squirrel Hill North
E01870;West Oakland
P02470;Central Business District
W26185;Sheraden
P02310;Central Business District
E19910;Squirrel Hill North
P00750;Central Business District
P02270;Central Business District
E17299;Homewood South
P03145;Central Business District
N04610;Chateau
P03660;Central Business District
P02280;Central Business District
W26180;Sheraden
S16190;South Side Flats
P02320;Central Business District
P00710;Central Business District
E13795;Shadyside
E19660;Squirrel Hill South
P70024;Central Business District
E17301;Homewood South
E01180;West Oakland
P00375;Central Business District
P00860;Central Business District
P00590;Central Business District
N71216;Chateau
P00940;Central Business District
P70027;Central Business District
P02650;Central Business District
E01360;Central Oakland
S00180;South Side Flats
E01730;North Oakland
E41740;Friendship
E19650;Squirrel Hill North
P01150;Central Business District
P02865;Central Business District
S16570;South Shore
E01410;Shadyside
P00850;Central Business District
P00610;Central Business District
S08140;Knoxville
S42503;Mount Washington
P01875;Central Business District
E19130;Central Oakland
E19870;North Oakland
E01010;North Oakland
E70217;Terrace Village
P02530;Central Business District
E19210;Central Oakland
E01420;Squirrel Hill North
P02800;Central Business District
E02050;North Oakland
N53500;Lincoln-Lemington-Belmar
E15720;North Oakland
S00160;South Side Slopes
E13385;Crawford-Roberts
S16540;South Shore
E15620;North Oakland
P00585;Central Business District
S70020;South Side Flats
N53540;Lincoln-Lemington-Belmar
N38480;Allegheny Center
S70138;South Side Flats
E19320;North Oakland
P02600;Central Business District
E01050;West Oakland
E41330;Squirrel Hill South
S08700;Knoxville
E01650;Shadyside
E01210;Central Oakland
S70407;South Side Flats
E70230;Shadyside
E15760;North Oakland
E01000;North Oakland
S09090;Carrick
E19200;Central Oakland
P01610;Central Business District
E13170;Bloomfield
P03000;Central Business District
N13585;East Allegheny
E01660;Squirrel Hill North
S08370;Carrick
S08930;Carrick
P03150;Central Business District
E13690;East Liberty
E70234;Shadyside
S08770;Carrick
S16060;South Side Flats
S48620;South Side Flats
S08790;Knoxville
E15680;North Oakland
P70019;Central Business District
E01335;Central Oakland
P00600;Central Business District
S16630;South Side Flats
S16260;South Side Flats
S09310;Carrick
P03490;Central Business District
E41230;Squirrel Hill South
P02490;Central Business District
E46060;East Liberty
E53500;Highland Park
E29055;East Liberty
P01330;Central Business District
P01940;Central Business District
E45640;Central Lawrenceville
E13640;Bloomfield
P00650;Central Business District
P00390;Central Business District
S09620;Carrick
E41950;Highland Park
E17306;Polish Hill
E00980;Shadyside
E45630;Central Lawrenceville
E41340;Squirrel Hill South
S16310;South Side Flats
E70365;East Liberty
E15730;North Oakland
P02890;Central Business District
E46630;Bloomfield
E01710;North Oakland
N70048;Lincoln-Lemington-Belmar
E35370;Bloomfield
E13940;Middle Hill
E19770;Squirrel Hill South
N53510;Lincoln-Lemington-Belmar
E70804;North Oakland
P02080;Central Business District
E46070;East Liberty
P02030;Central Business District
N17040;Allegheny Center
N45780;Spring Hill-City View
S00450;South Side Slopes
E13470;Middle Hill
P01600;Central Business District
E11660;Central Lawrenceville
E15650;North Oakland
E01150;North Oakland
S00590;South Side Flats
E41190;Squirrel Hill South
P02830;Central Business District
E19800;Squirrel Hill North
E13650;Shadyside
E41960;East Liberty
E70378;Squirrel Hill North
P00615;Central Business District
E13180;Shadyside
E19360;Squirrel Hill North
P00380;Central Business District
E70814;Shadyside
E70425;Shadyside
S00370;South Side Flats
E41755;Shadyside
E41200;Squirrel Hill South
S16160;South Side Flats
E01470;Squirrel Hill North
E41240;Squirrel Hill South
E01460;Shadyside
N19270;Central Northside
W26165;Oakwood
N19200;Allegheny Center
N08120;Chateau
E52780;East Liberty
E01720;North Oakland
E41110;Squirrel Hill South
E01900;Squirrel Hill North
E70792;Bedford Dwellings
E41090;Squirrel Hill South
E70429;Crawford-Roberts
E29130;Highland Park
E35850;Lincoln-Lemington-Belmar
E19570;Central Oakland
E70244;Lower Lawrenceville
E01140;North Oakland
E46460;Shadyside
E13450;Middle Hill
E19810;Squirrel Hill South
S09140;Carrick
E19280;Squirrel Hill North
S04450;South Side Slopes
P00920;Central Business District
N10810;Brighton Heights
N05000;Allegheny Center
E19840;North Oakland
E01225;South Oakland
N14830;Manchester
E29140;East Liberty
X03410;Brookline
E11760;Upper Lawrenceville
E17307;Polish Hill
E13950;Terrace Village
N45670;Spring Hill-City View
N13610;Allegheny Center
S16270;South Side Flats
N71205;Central Northside
E12030;Central Lawrenceville
E13910;Shadyside
S16590;South Side Flats
E41175;Squirrel Hill North
E70780;Bedford Dwellings
E41100;Squirrel Hill South
E19310;South Oakland
P00490;Central Business District
E35350;Bloomfield
P70018;Central Business District
N43350;Perry South
E00975;North Oakland
S16300;South Side Flats
E41170;Squirrel Hill South
E15660;North Oakland
E70815;Shadyside
S08390;Carrick
E13480;Shadyside
E46200;Bloomfield
E41890;East Liberty
E13630;Bloomfield
S16230;South Side Flats
P02670;Central Business District
N43360;Perry South
E41180;Squirrel Hill North
E13880;Terrace Village
N41350;Northview Heights
E41290;Squirrel Hill South
E41120;Squirrel Hill South
E45710;Garfield
S08460;Carrick
E29210;Shadyside
E13340;North Oakland
N38770;Allegheny Center
E41900;Friendship
X04400;Brookline
E70426;Shadyside
E19460;South Oakland
E13190;Terrace Village
N33220;Fineview
N10820;Marshall-Shadeland
S04260;South Side Slopes
W26160;Oakwood
E41250;Greenfield
S08730;Knoxville
P00680;Central Business District
X03110;Brookline
S04550;Arlington
E13600;North Oakland
E14000;Shadyside
P00580;Central Business District
S09550;Carrick
E57950;East Hills
E45610;Central Lawrenceville
E42132;Bloomfield
E42794;Terrace Village
E12230;Central Lawrenceville
E46190;Central Lawrenceville
E41140;Squirrel Hill South
S16170;South Side Flats
E28960;East Liberty
N10250;Brighton Heights
E18280;Bloomfield
E11770;Upper Lawrenceville
W03540;Elliott
E35270;Bloomfield
E28880;Shadyside
E01990;Squirrel Hill North
E41260;Greenfield
E35260;Bloomfield
S16090;South Side Flats
W16940;Westwood
S08130;Carrick
E51340;Squirrel Hill North
E41300;Squirrel Hill South
P02060;Central Business District
N10755;Marshall-Shadeland
S09750;Carrick
S47500;Allentown
E29077;East Liberty
E28910;Shadyside
E46250;Garfield
P00330;Central Business District
E00910;Shadyside
E00970;North Oakland
N70000;Central Northside
E70791;Middle Hill
E70271;West Oakland
E45720;Bloomfield
E20450;Homewood South
N10260;Brighton Heights
N43430;Perry North
E18530;Shadyside
E12080;Lower Lawrenceville
E11780;Upper Lawrenceville
E13380;Bloomfield
E39300;Bloomfield
N38390;Allegheny Center
S70042;South Side Flats
E28970;Shadyside
E13390;Middle Hill
S08840;Carrick
E70788;Middle Hill
S70472;South Side Flats
E01890;Shadyside
E28860;Shadyside
S00982;Hazelwood
N13550;Allegheny Center
E46800;East Liberty
W21910;Crafton Heights
E01980;Squirrel Hill North
E70046;Homewood North
E05710;Crawford-Roberts
E70451;Upper Lawrenceville
E06917;Terrace Village
S00790;Hazelwood
E12090;Lower Lawrenceville
E30100;Bloomfield
W03550;Elliott
P01936;Central Business District
S08490;Carrick
E41980;Highland Park
X70021;Brookline
N19290;Central Northside
N43380;Perry South
N10850;Perry South
N12760;Brighton Heights
E35830;Lincoln-Lemington-Belmar
N43300;Perry North
E46000;Bloomfield
E01350;Shadyside
E11690;Central Lawrenceville
S09000;Carrick
E46470;East Liberty
E39290;Bloomfield
S16240;South Side Flats
P01290;Central Business District
E19400;North Oakland
S09390;Carrick
S16330;South Side Flats
E19595;Central Oakland
E70782;Bedford Dwellings
E45940;Garfield
E70790;Middle Hill
E25351;Greenfield
S09440;Carrick
E00950;Point Breeze
E45750;Point Breeze North
E11640;Lower Lawrenceville
E13490;Shadyside
E18520;Shadyside
P01240;Central Business District
N43310;Perry North
E38070;Bloomfield
E41790;Friendship
E01090;Shadyside
E42796;Terrace Village
S16080;South Side Flats
E70784;Bedford Dwellings
E23530;Bloomfield
E41220;Greenfield
E41280;Greenfield
N10790;Marshall-Shadeland
E11710;Central Lawrenceville
E46260;Bloomfield
P70007;Central Business District
W21650;Crafton Heights
E13580;Middle Hill
E11650;Lower Lawrenceville
E45620;Lower Lawrenceville
E45880;East Liberty
E42131;North Oakland
E29790;Homewood South
E19260;Regent Square
E70144;Bloomfield
S39570;South Shore
P02610;Central Business District
E14060;Bloomfield
E13610;North Oakland
E01480;Shadyside
S09410;Carrick
E19270;Point Breeze
S16250;South Side Flats
E13430;Middle Hill
S16130;South Side Flats
E35840;Lincoln-Lemington-Belmar
E16015;Larimer
P00360;Central Business District
N41340;Northview Heights
E70781;Bedford Dwellings
N38380;Allegheny Center
E01940;West Oakland
N10460;Central Northside
E19890;Squirrel Hill North
E18610;Shadyside
E18410;Shadyside
N10500;Marshall-Shadeland
S08430;Carrick
N43670;Perry North
N71193;East Allegheny
E34910;Strip District
N38370;Central Northside
E13570;Middle Hill
E35480;Strip District
E19150;Squirrel Hill North
E19640;Squirrel Hill South
S04670;Arlington
S16120;South Side Flats
E20350;Homewood North
E01500;North Oakland
E45950;Bloomfield
E70398;Stanton Heights
E70794;Middle Hill
E20360;Homewood South
N35530;Northview Heights
S42360;Mount Washington
E70778;Bedford Dwellings
N71281;Brighton Heights
E46290;East Liberty
N10340;Perry South
S47510;Allentown
E41800;East Liberty
N44100;Perry South
E45760;Point Breeze
P00760;Central Business District
S42350;Mount Washington
E41270;Greenfield
N38740;Central Northside
E28950;East Liberty
E19720;Bluff
E01260;Shadyside
S09290;Carrick
E32752;Glen Hazel
N43370;Perry South
E70811;Highland Park
S08890;Carrick
E70233;Shadyside
E29020;Shadyside
N13080;Brighton Heights
E01370;Larimer
E35280;Bloomfield
S00260;South Side Slopes
E05700;Crawford-Roberts
E01540;Crawford-Roberts
E70394;East Liberty
E13460;Upper Hill
E11720;Central Lawrenceville
X03330;Brookline
E52250;Lincoln-Lemington-Belmar
N43440;Perry South
E19630;Squirrel Hill North
S70043;South Side Flats
E11145;Highland Park
S09580;Carrick
E29160;Shadyside
E46010;Garfield
S09300;Carrick
S08400;Carrick
E45520;Strip District
E39350;Bloomfield
S16220;South Side Flats
E13780;Shadyside
S16200;South Side Flats
E29150;East Liberty
E18600;Shadyside
E35400;Bloomfield
N10620;Central Northside
E23630;Bloomfield
S00280;South Side Slopes
E51220;Point Breeze
N10920;Marshall-Shadeland
E29030;Shadyside
E41690;East Liberty
E53170;Stanton Heights
N10370;Brighton Heights
E12040;Upper Lawrenceville
N13600;East Allegheny
E35250;Bloomfield
E13420;North Oakland
P00690;Central Business District
E41990;Highland Park
P01260;Central Business District
E41971;Shadyside
E19520;Squirrel Hill North
E46280;Friendship
E01920;Squirrel Hill North
X00140;Brookline
E17310;Shadyside
E35410;Bloomfield
E46600;Garfield
E32753;Glen Hazel
E23540;Bloomfield
E11700;Central Lawrenceville
E13230;Terrace Village
E39340;Bloomfield
N10940;Perry South
E19430;Regent Square
E29170;Shadyside
E11620;Lower Lawrenceville
E41870;Garfield
X03030;Brookline
E10920;Squirrel Hill South
E23440;Bloomfield
TP7076;Strip District
E70783;Bedford Dwellings
S33290;Knoxville
E23600;Friendship
E45670;Garfield
E17312;Larimer
X04360;Brookline
W26000;South Shore
E35360;Bloomfield
N10510;Perry South
N35630;Northview Heights
S70041;South Side Flats
E41210;Greenfield
E70376;Greenfield
E11310;Highland Park
E70839;Highland Park
S16180;South Side Flats
N43960;Perry North
E15960;Larimer
E01130;South Oakland
E35470;Strip District
E70282;Shadyside
E70789;Middle Hill
W21620;Elliott
S04390;South Side Slopes
E41820;Highland Park
E41830;East Liberty
E41810;Highland Park
N43450;Central Northside
E26520;Homewood South
E13270;Upper Hill
E70372;Crawford-Roberts
E15925;East Liberty
E38300;Bloomfield
E17294;Shadyside
N10380;Brighton Heights
X03000;Brookline
N10670;Marshall-Shadeland
X13480;Brookline
N10800;Marshall-Shadeland
N71192;Allegheny Center
E70231;Shadyside
E17313;Larimer
E15980;East Liberty
E37965;Glen Hazel
E19780;Bluff
E15950;Larimer
E70423;East Liberty
N43445;Perry South
E45780;Lower Lawrenceville
S09350;Carrick
E35030;Strip District
E53520;Highland Park
N43920;Perry South
S08210;Carrick
S00750;Hazelwood
E14020;Bloomfield
E70807;East Liberty
E19470;Bluff
N52540;Troy Hill
E45680;Bloomfield
E13440;Middle Hill
E18580;Shadyside
E70014;East Liberty
E70373;Crawford-Roberts
X03290;Brookline
E41860;Highland Park
W70056;Sheraden
E44900;East Hills
E18625;Shadyside
S43040;South Shore
E42792;Terrace Village
E18400;Shadyside
E18590;Shadyside
E70020;North Oakland
E18270;Bloomfield
S06280;Beltzhoover
E01810;Central Business District
E42140;North Oakland
E29105;Shadyside
E41760;East Liberty
E42000;East Liberty
X13690;Brookline
E29050;Highland Park
E17340;East Hills
S16320;South Side Flats
E41850;Highland Park
S70054;South Side Flats
E42150;Shadyside
E45960;Garfield
E46610;Bloomfield
E12050;Upper Lawrenceville
E20560;Homewood West
S34320;Lincoln Place
E41840;East Liberty
E13330;North Oakland
E36060;Lincoln-Lemington-Belmar
X03320;Brookline
E20480;Homewood North
N10410;Marshall-Shadeland
N53580;Allegheny Center
E13970;Terrace Village
E23550;Friendship
N50200;Allegheny Center
N41740;California-Kirkbride
E41970;Shadyside
N13090;Brighton Heights
N71306;Allegheny Center
S09400;Carrick
S34110;Lincoln Place
N71204;Perry North
E11670;Central Lawrenceville
E29000;East Liberty
E29702;Homewood South
E45500;Strip District
E25349;Greenfield
S04720;South Side Slopes
E42142;North Oakland
E26530;Homewood South
N43710;Perry South
S09250;Carrick
E52960;Stanton Heights
E34845;Strip District
N45770;Spring Hill-City View
W25800;South Shore
X18880;Mount Washington
N10450;California-Kirkbride
E32370;Morningside
E41160;Greenfield
E34890;Strip District
S00620;South Side Flats
E11680;Central Lawrenceville
E46210;Garfield
E20550;Homewood North
E45530;Strip District
E57990;East Hills
E70293;North Oakland
E20565;Homewood South
S04320;South Side Slopes
N41830;Manchester
E46595;East Liberty
S70580;South Side Flats
E19170;Squirrel Hill North
E44910;East Hills
X20435;Beechview
S04650;South Side Slopes
N43550;Perry South
E70975;Squirrel Hill North
N70049;Lincoln-Lemington-Belmar
S45000;Mt. Oliver
E20700;Homewood West
N35500;Northview Heights
E41771;Shadyside
E45560;Lower Lawrenceville
W20982;West End
E29057;East Liberty
S05480;Knoxville
E36000;Larimer
E41150;Greenfield
E36098;Lincoln-Lemington-Belmar
E34580;Lincoln-Lemington-Belmar
E45770;Point Breeze North
E35990;Larimer
S09385;Carrick
N43500;Perry South
E08140;Central Oakland
E18560;Shadyside
N54500;Perry South
E13825;Central Business District
E26380;Homewood West
E41865;Shadyside
W00900;Sheraden
S16700;South Side Flats
E01930;Squirrel Hill North
E45900;Point Breeze
E70989;Upper Lawrenceville
W02460;Fairywood
E42030;Garfield
N13580;East Allegheny
E11730;Central Lawrenceville
E38050;Bloomfield
E25353;Greenfield
E41866;Shadyside
W20980;West End
N19450;Allegheny Center
E70798;Terrace Village
E10970;Squirrel Hill South
E45975;Friendship
E46220;Bloomfield
E12340;Central Lawrenceville
N10870;Perry South
E05517;East Liberty
E05520;East Liberty
E20590;Larimer
S04400;Arlington
E13360;Central Business District
N10585;California-Kirkbride
E13520;Upper Hill
E41770;Shadyside
E42134;Shadyside
S16110;South Side Flats
X04380;Brookline
S70465;South Side Flats
N70053;Perry North
E15750;North Oakland
E03940;West Oakland
E29240;East Liberty
E29040;Highland Park
N10430;Marshall-Shadeland
S47530;Allentown
E45890;Shadyside
E13720;North Oakland
E45570;Lower Lawrenceville
N12795;Brighton Heights
N43980;Perry South
W23981;Fairywood
E41920;East Liberty
N43900;Perry North
E57450;Point Breeze
N49600;Marshall-Shadeland
N43565;Perry North
N10720;Brighton Heights
E26370;Homewood West
E70283;Larimer
E20680;Homewood South
E58090;Greenfield
E11610;Lower Lawrenceville
N13620;Allegheny Center
W03900;Sheraden
N17430;East Allegheny
N10730;Brighton Heights
N43510;Perry South
X17736;Mount Washington
N70015;East Allegheny
X13774;Brookline
N43620;Perry South
E19230;Point Breeze
N43590;Perry South
E11790;Upper Lawrenceville
E10900;Hazelwood
E46597;East Liberty
S70579;South Side Flats
W16340;Westwood
N17250;East Allegheny
E70994;Crawford-Roberts
P01970;Central Business District
E26550;Homewood South
E53010;East Liberty
E52225;Upper Lawrenceville
E13745;Crawford-Roberts
TP1090;Larimer
E03927;Terrace Village
N17765;Allegheny Center
E46020;Bloomfield
E14080;Terrace Village
E13510;Crawford-Roberts
N43330;Perry North
E35900;Larimer
E70159;Polish Hill
N43630;Perry South
E70861;Homewood West
E01760;Point Breeze North
N35510;Northview Heights
P01230;Central Business District
E17308;Shadyside
E52810;Stanton Heights
N41750;Manchester
W17700;Westwood
E41750;Friendship
N10290;California-Kirkbride
E00175;Strip District
N71308;Chateau
E29720;Homewood North
S00240;South Side Flats
E32732;Hazelwood
E20310;Larimer
E32733;Hazelwood
E04880;Bloomfield
E13660;Terrace Village
E33040;Bluff
E52620;Morningside
E18570;Shadyside
E05210;Squirrel Hill South
E20490;Homewood South
E18627;Shadyside
E08150;South Oakland
N45810;Spring Hill-City View
X13650;Brookline
N38820;Allegheny Center
P70005;Central Business District
S04310;Arlington
X13400;Brookline
E06970;Terrace Village
N15410;Manchester
E39280;Bloomfield
E70273;Terrace Village
E33450;Middle Hill
E04860;Friendship
S00760;Hazelwood
E13800;Middle Hill
S16210;South Side Flats
E25367;Greenfield
E13350;Crawford-Roberts
E17373;East Liberty
E70869;Terrace Village
N38710;Central Northside
S09630;Carrick
E70812;East Liberty
N17380;East Allegheny
E70164;East Liberty
P01450;Central Business District
P02130;Central Business District
E35800;Lincoln-Lemington-Belmar
N45790;Spring Hill-City View
N31200;Troy Hill
S16580;South Side Flats
E39320;Bloomfield
E32744;Hazelwood
S06290;Allentown
E34950;Strip District
E41670;Friendship
N43560;Perry North
E57580;Squirrel Hill North
N13190;Manchester
N70130;California-Kirkbride
S33280;Knoxville
N13150;Brighton Heights
E70330;Homewood North
E45602;Lower Lawrenceville
E46710;Shadyside
E70793;Bedford Dwellings
E35510;Strip District
W02555;Fairywood
W04080;Windgap
E35500;Strip District
S47640;Allentown
S08220;Carrick
X03040;Brookline
X01270;Allentown
S16325;South Side Flats
E08650;Regent Square
E20670;Homewood North
X00560;Banksville
N38340;Central Northside
E42860;East Hills
E70416;Larimer
W03270;Elliott
W03430;Sheraden
E57940;East Hills
S70273;South Side Flats
E01700;Central Business District
E70299;Upper Hill
E70870;Terrace Village
E14370;Upper Hill
E32743;Hazelwood
X03390;Brookline
E18470;Shadyside
E35570;Polish Hill
N31250;Troy Hill
E13945;East Liberty
E70889;Squirrel Hill South
X19970;Brookline
W26210;Fairywood
X20010;Brookline
E35200;Bloomfield
E17405;East Liberty
E08090;Central Oakland
E46620;Lower Lawrenceville
E35390;Bloomfield
E19830;Squirrel Hill North
N31360;Troy Hill
N12920;California-Kirkbride
E35310;Lower Lawrenceville
E58140;Greenfield
E70787;Middle Hill
E07030;Terrace Village
E01570;South Oakland
E45740;East Liberty
N43395;Perry South
N70149;Chateau
E01550;South Oakland
E19690;Regent Square
E46090;Point Breeze
X13760;Brookline
N53545;Lincoln-Lemington-Belmar
E12486;Upper Hill
E35940;Lincoln-Lemington-Belmar
S11430;Knoxville
E23610;Bloomfield
E23560;Bloomfield
N12890;Brighton Heights
E70232;Shadyside
S00205;South Side Slopes
E26420;Homewood South
N38840;Allegheny Center
E41745;Shadyside
E35380;Bloomfield
E52610;East Liberty
E70003;East Hills
E70428;Larimer
E29710;Homewood North
E13620;Crawford-Roberts
E26670;Homewood South
E11820;Upper Lawrenceville
X00650;Banksville
E23460;Bloomfield
S21710;Mount Washington
X13670;Brookline
N19170;Central Northside
N12670;California-Kirkbride
E52890;Stanton Heights
E00420;Central Lawrenceville
S16100;South Side Flats
E70001;Lower Lawrenceville
E35890;Larimer
E35160;Lower Lawrenceville
S00770;Hazelwood
E23480;Friendship
E34970;Strip District
E01840;West Oakland
E58150;Greenfield
E13870;Middle Hill
E17380;East Liberty
S42280;Brookline
E44930;East Hills
E70374;Crawford-Roberts
N13070;Marshall-Shadeland
E01820;Squirrel Hill North
E26560;Homewood South
E05980;Greenfield
E33455;Middle Hill
E35630;Lower Lawrenceville
E34800;Lincoln-Lemington-Belmar
S01120;Hazelwood
E25950;Morningside
E16500;Middle Hill
S47540;Allentown
E06390;Squirrel Hill North
E09320;Regent Square
N71302;Marshall-Shadeland
N71221;Chateau
E70242;Bloomfield
E29190;Highland Park
E11580;Lower Lawrenceville
E41720;Garfield
N13125;Brighton Heights
N12910;Marshall-Shadeland
E32400;Morningside
E57660;Squirrel Hill North
E02090;Shadyside
E45540;Strip District
E25354;Greenfield
N47310;Allegheny Center
E70779;Bedford Dwellings
E04910;Bloomfield
E20780;Larimer
N54510;Perry South
E58070;Greenfield
E70302;Terrace Village
E11630;Lower Lawrenceville
E14010;Middle Hill
E55211;Homewood North
E13500;Crawford-Roberts
E11800;Upper Lawrenceville
E26410;Homewood South
N17270;East Allegheny
E23470;Friendship
E11140;Highland Park
E57670;Squirrel Hill North
N52630;Troy Hill
E36020;Lincoln-Lemington-Belmar
E28990;Highland Park
E18870;Highland Park
E35880;Lincoln-Lemington-Belmar
E06010;Greenfield
E53530;Highland Park
S27060;South Side Slopes
E41370;Greenfield
E45310;Point Breeze
E25370;Greenfield
N50590;Spring Garden
E35300;Bloomfield
E70453;Shadyside
N47280;North Shore
E25375;Greenfield
S09180;Carrick
E08350;Central Oakland
E23580;Bloomfield
E70401;Greenfield
E26630;Homewood South
E32748;Hazelwood
S00690;South Oakland
E04940;Bloomfield
E23520;Bloomfield
E04820;Shadyside
E42010;East Liberty
N14620;Perry South
E54180;West Oakland
E45895;Shadyside
S16625;South Side Flats
E45660;Shadyside
X07040;Duquesne Heights
S00270;South Side Slopes
E41940;East Liberty
E41910;East Liberty
X70085;Overbrook
E44920;East Hills
N43680;Perry North
W16240;Westwood
E35930;Homewood West
E35760;Homewood North
E19850;Regent Square
E06650;North Oakland
E05250;Squirrel Hill South
E11150;Highland Park
S40180;Hays
W00870;Sheraden
E57360;Squirrel Hill South
E39390;Upper Hill
N10520;Marshall-Shadeland
E05280;Squirrel Hill South
E19340;Point Breeze
N17640;East Allegheny
N71217;Chateau
S04620;Arlington
E29180;Highland Park
S11320;Beltzhoover
E23490;Friendship
E19590;Bluff
N35550;Northview Heights
X18890;Mount Washington
E46490;East Liberty
N14480;Perry South
E35170;Bloomfield
E70867;Terrace Village
E13725;Crawford-Roberts
E01190;Crawford-Roberts
E70427;Larimer
E23590;Bloomfield
W03320;Sheraden
E48845;West Oakland
N13160;California-Kirkbride
E57460;Squirrel Hill North
X00400;Mount Washington
S35590;Allentown
E70802;Point Breeze
S11440;Knoxville
E36095;Lincoln-Lemington-Belmar
E70993;Central Business District
N12955;California-Kirkbride
E35150;Lower Lawrenceville
E23400;Bloomfield
N52580;Troy Hill
E00500;Lower Lawrenceville
P01340;Central Business District
N43930;Perry North
E41350;Squirrel Hill South
E70806;East Liberty
E23450;Bloomfield
E13730;Terrace Village
E04930;Bloomfield
E35320;Lower Lawrenceville
W00840;Sheraden
E05670;Crawford-Roberts
E13250;North Oakland
N17440;East Allegheny
X11175;Brookline
W00780;Sheraden
W25900;South Shore
E35330;Bloomfield
W16470;Oakwood
E46310;Bloomfield
N15025;East Allegheny
E52670;Highland Park
E70266;East Hills
W10680;Sheraden
E00270;Strip District
N22805;Lincoln-Lemington-Belmar
W16170;Westwood
E70809;Highland Park
W03220;Sheraden
E20730;East Hills
N54670;Marshall-Shadeland
E35520;Strip District
N41800;Manchester
E36070;Lincoln-Lemington-Belmar
E70158;Point Breeze
N35490;Northview Heights
E49300;Greenfield
E11180;Highland Park
X13600;Brookline
N10760;Brighton Heights
E45510;Strip District
N05970;Allegheny Center
E23510;Bloomfield
N43940;Perry North
X13773;Brookline
W22000;Elliott
W16290;Westwood
E12000;Central Lawrenceville
E70452;Upper Hill
E10950;Squirrel Hill South
W16160;Westwood
E19580;Central Oakland
N40423;Marshall-Shadeland
N44080;Perry North
E11810;Upper Lawrenceville
E04870;Bloomfield
E70937;Crawford-Roberts
E20782;Homewood North
E45600;Lower Lawrenceville
E30110;Bloomfield
E70838;North Oakland
E12240;Central Lawrenceville
S70578;South Side Flats
S04460;South Side Slopes
E07670;Polish Hill
S42290;Overbrook
E54400;Squirrel Hill South
E14190;Morningside
E51060;Garfield
E26430;Homewood South
S04480;Allentown
E23570;Bloomfield
E25338;Greenfield
E08360;South Oakland
E20340;Homewood South
N22785;Lincoln-Lemington-Belmar
E41380;Greenfield
S11460;Knoxville
X08070;Mount Washington
E70454;Point Breeze
S11450;Knoxville
E16070;Point Breeze
E34740;Lincoln-Lemington-Belmar
S00600;South Side Flats
E26500;Homewood South
E05970;Greenfield
E32226;Hazelwood
E26400;Homewood South
N14590;Perry South
E70367;Homewood North
E19220;Bluff
S70468;Beltzhoover
N17290;East Allegheny
E51520;Squirrel Hill North
E57640;Squirrel Hill North
E35000;Strip District
E13790;Middle Hill
E04830;Bloomfield
N71305;North Shore
E04810;North Oakland
E45604;Lower Lawrenceville
W00820;Sheraden
E70265;East Hills
E20380;Homewood South
E70810;Highland Park
E11190;Highland Park
E51530;Squirrel Hill North
X20020;Beechview
E20455;Homewood South
E25346;Greenfield
E23500;Bloomfield
X70057;Mount Washington
E54150;West Oakland
E70236;Larimer
S47550;Allentown
E35290;Bloomfield
N05990;Allegheny Center
E57590;Squirrel Hill North
S17655;Beltzhoover
N41760;Manchester
E54430;Squirrel Hill South
E35820;Lincoln-Lemington-Belmar
N71234;Troy Hill
E56380;Larimer
E52580;Central Lawrenceville
N14980;North Shore
W03290;Sheraden
E23420;Bloomfield
E35920;Lincoln-Lemington-Belmar
N12830;Manchester
E20370;Homewood North
E32480;Morningside
E53000;Stanton Heights
W03500;Chartiers City
E45490;Strip District
E57750;Squirrel Hill North
E11850;Upper Lawrenceville
E13900;North Oakland
E70411;North Oakland
E01640;Bluff
E01560;South Oakland
E70805;East Liberty
W00790;Sheraden
E18450;Shadyside
E11570;Lower Lawrenceville
E70866;Terrace Village
E45590;Lower Lawrenceville
X05870;Brookline
S42420;Brookline
E19480;Bluff
X11150;Brookline
E04667;Highland Park
E32749;Hazelwood
S08135;Carrick
E08190;South Oakland
E26610;Homewood West
E16300;Lincoln-Lemington-Belmar
N12825;Marshall-Shadeland
E23620;Bloomfield
S01050;Bluff
N43540;Perry South
N38690;East Allegheny
E46180;Point Breeze
N43400;Perry North
E05240;Squirrel Hill South
E41730;Highland Park
E29220;Highland Park
X13770;Brookline
N35570;Northview Heights
S47520;Allentown
E42020;Garfield
E46650;Point Breeze North
N12822;Marshall-Shadeland
W26060;South Shore
N43970;Perry South
S27020;South Side Slopes
E57470;Point Breeze
E26600;Homewood South
E20520;Larimer
N53290;Fineview
E70785;Bedford Dwellings
N14630;Perry South
S04280;Allentown
E35600;Lower Lawrenceville
E35620;Lower Lawrenceville
E19370;Squirrel Hill South
E01380;Point Breeze North
N10490;Brighton Heights
E08120;South Oakland
S06270;Beltzhoover
E17309;Shadyside
E29363;Garfield
S09790;Carrick
N54690;Marshall-Shadeland
E35790;Lincoln-Lemington-Belmar
N41790;Manchester
E23410;Bloomfield
N49530;Marshall-Shadeland
S35200;Mt. Oliver
E19160;Squirrel Hill South
E46140;Point Breeze
N31340;Troy Hill
X03250;Brookline
N31220;Troy Hill
E20330;Homewood North
X00390;Mount Washington
E53180;Stanton Heights
E28980;Highland Park
E12235;Upper Lawrenceville
E48680;East Hills
S04360;Arlington
E70942;Lincoln-Lemington-Belmar
X13460;Brookline
E35340;Bloomfield
N28065;East Allegheny
S05510;Knoxville
X01260;Mount Washington
E26440;Homewood South
N19120;Central Northside
E28640;Greenfield
E04890;North Oakland
E20060;Squirrel Hill South
N13615;Allegheny Center
E46720;Central Lawrenceville
E01860;Squirrel Hill North
E70209;East Liberty
N41735;Central Northside
N10265;Perry South
E04920;Bloomfield
E06410;Squirrel Hill North
E25340;Greenfield
S35280;Allentown
E11830;Upper Lawrenceville
N12740;Brighton Heights
S19310;Beltzhoover
E19350;Squirrel Hill South
S33320;Knoxville
N14990;Troy Hill
E39310;Bloomfield
X18750;Mount Washington
E14290;Morningside
E52700;Morningside
N41325;Northview Heights
E05260;Squirrel Hill South
E11170;Highland Park
S70467;St. Clair
X17730;Mount Washington
W03820;Windgap
N13340;Brighton Heights
S00400;South Side Slopes
S19970;Overbrook
X18800;Mount Washington
N54680;Marshall-Shadeland
E20420;Larimer
E70801;Point Breeze North
E57350;Squirrel Hill South
E26460;Homewood West
E46150;Point Breeze North
N10840;California-Kirkbride
X17670;Mount Washington
N71311;Brighton Heights
E57340;Squirrel Hill South
E46080;Point Breeze North
E15580;South Oakland
W00800;Sheraden
W03580;Windgap
N49520;Marshall-Shadeland
N54505;Perry South
S42400;Mount Washington
N38330;Allegheny Center
E11560;Lower Lawrenceville
E44950;East Hills
E06200;Squirrel Hill South
E11840;Upper Lawrenceville
E20795;Homewood North
E07660;Polish Hill
E01330;Central Business District
N31280;Troy Hill
N47290;Allegheny Center
N17510;Troy Hill
E16080;Point Breeze
E57650;Squirrel Hill North
E26590;Homewood South
N10530;Marshall-Shadeland
P00660;Central Business District
W03870;Elliott
E11550;Lower Lawrenceville
S70261;Knoxville
E57490;Squirrel Hill North
N45720;Spring Hill-City View
S12440;Beltzhoover
E70397;Garfield
E04666;Morningside
X18841;Mount Washington
S00800;Hazelwood
N35540;Northview Heights
E46130;Point Breeze North
S42240;Mount Washington
E13550;Terrace Village
E35430;Bloomfield
W17093;Westwood
E45650;Point Breeze North
E13310;Middle Hill
E58120;Greenfield
E04850;Friendship
E16470;West Oakland
E70040;Lower Lawrenceville
E41780;Shadyside
E35190;Bloomfield
E35020;Polish Hill
W10670;Sheraden
W16880;Crafton Heights
S35250;Allentown
E70754;Homewood North
E26470;Homewood West
W21110;Esplen
E70795;Middle Hill
E54205;West Oakland
E23430;Bloomfield
E26510;Homewood South
N10360;Central Northside
E55855;West Oakland
E70813;Morningside
E44620;Upper Hill
W03970;Sheraden
N10580;Brighton Heights
S00490;South Side Slopes
E35090;Strip District
E53040;Stanton Heights
W16550;Westwood
E36097;Lincoln-Lemington-Belmar
N45700;Spring Hill-City View
E36040;Lincoln-Lemington-Belmar
E46170;Point Breeze North
X19920;Brookline
N31805;Manchester
E08890;Regent Square
E05920;Greenfield
E35780;Lincoln-Lemington-Belmar
E11740;Central Lawrenceville
W10960;Sheraden
S42340;Brookline
S11350;Beltzhoover
N10480;Brighton Heights
E45280;Lincoln-Lemington-Belmar
S16440;South Side Flats
N14600;Perry South
E70970;West Oakland
E70905;East Liberty
S14237;Beltzhoover
S04680;South Side Slopes
W20960;West End
N43890;Perry North
E25075;Greenfield
W14310;Sheraden
E26640;Homewood South
N71316;Brighton Heights
W03310;Crafton Heights
E44970;East Hills
E13860;Central Business District
E15585;South Oakland
E70292;Homewood South
E11785;Upper Lawrenceville
E14250;Morningside
E52590;Upper Lawrenceville
N14740;Perry South
E57540;Squirrel Hill North
N49570;Marshall-Shadeland
S00920;Hazelwood
N35640;Northview Heights
N38580;East Allegheny
X13390;Brookline
N29830;Troy Hill
E36035;Lincoln-Lemington-Belmar
N41780;Manchester
S16420;South Side Flats
E19670;Squirrel Hill North
N49460;Marshall-Shadeland
S25480;Lincoln Place
X00660;Banksville
N54800;Brighton Heights
S00840;Hazelwood
E70831;Glen Hazel
N12125;Spring Hill-City View
W03960;Elliott
N32670;Summer Hill
W03450;Sheraden
N31400;East Allegheny
W25710;Windgap
E41781;Shadyside
E19510;Bluff
E70298;Upper Hill
E15790;Central Business District
N54530;Perry South
E70308;Swisshelm Park
E70004;East Hills
N47285;North Shore
X17740;Mount Washington
E29740;Homewood South
S04510;South Side Slopes
E70013;Bloomfield
N13180;California-Kirkbride
N38720;Central Northside
E13260;North Oakland
E32735;Glen Hazel
S27000;South Side Slopes
W03420;Elliott
E17424;Terrace Village
E54210;West Oakland
E15670;North Oakland
N14680;Perry South
W17160;Oakwood
E41130;Squirrel Hill South
S25520;Lincoln Place
N10695;Brighton Heights
X13410;Brookline
E32227;Squirrel Hill South
N49470;Brighton Heights
E26103;Central Oakland
N50580;Spring Garden
S70577;South Side Flats
X01890;Mount Washington
S42310;Overbrook
X13420;Brookline
E20650;East Hills
N54820;Brighton Heights
E25368;Greenfield
E70940;Lincoln-Lemington-Belmar
S06300;Beltzhoover
N13200;Brighton Heights
N43200;Perry North
E51390;Squirrel Hill North
E70888;Squirrel Hill South
E70956;Regent Square
E70296;Upper Hill
X13772;Brookline
E05510;East Liberty
E00920;Shadyside
E45480;Strip District
E25337;Greenfield
E35590;Polish Hill
E42920;East Hills
E35810;Larimer
E32380;Morningside
W21840;Crafton Heights
W21890;West End
E70786;Crawford-Roberts
E20320;Homewood West
E05910;Squirrel Hill South
E11540;Lower Lawrenceville
E25335;Greenfield
E18620;Shadyside
S00390;South Side Slopes
E34750;Lincoln-Lemington-Belmar
W21080;Esplen
N31790;Manchester
S70263;Knoxville
E70751;Lincoln-Lemington-Belmar
E56920;Upper Hill
E03900;Terrace Village
N31230;Troy Hill
N33210;Fineview
S01070;South Oakland
E16530;Middle Hill
E35610;Lower Lawrenceville
E70267;Larimer
E20785;East Hills
X18810;Mount Washington
E11860;Upper Lawrenceville
E25200;Greenfield
S25600;Hazelwood
E35070;Strip District
E35130;Lower Lawrenceville
E70854;Hazelwood
E70882;Greenfield
E18850;Highland Park
E70941;Homewood West
X01870;Mount Washington
E70997;Larimer
W20950;West End
E32500;Morningside
N13040;Marshall-Shadeland
X13570;Brookline
E70840;Hazelwood
X18770;Mount Washington
N41770;Manchester
N70150;Chateau
E17311;Homewood South
N31800;Manchester
N13605;Allegheny Center
S01020;Hazelwood
W03210;Sheraden
S04750;Arlington
E29760;Homewood North
X01290;Mount Washington
S26920;South Side Slopes
S04330;Arlington
E25348;Hazelwood
N18970;Summer Hill
E32734;Glen Hazel
E70396;Garfield
E06460;Squirrel Hill North
E53160;Stanton Heights
W21810;West End
E39270;Bloomfield
E54410;Squirrel Hill South
E35450;Strip District
S70274;South Side Flats
E08046;Garfield
E70022;Central Business District
N12705;Marshall-Shadeland
E42910;Homewood South
N42670;Perry North
E15080;Garfield
S04430;Allentown
W18010;Westwood
N17690;Troy Hill
X20280;Beechview
E06450;Squirrel Hill North
E70066;West Oakland
E34850;Strip District
X15260;Duquesne Heights
E28720;Polish Hill
W16120;East Carnegie
E14210;Morningside
E19920;Squirrel Hill North
E25365;Greenfield
N13360;Brighton Heights
N10750;Brighton Heights
W03590;Chartiers City
E39360;Bloomfield
E25377;Greenfield
W17820;East Carnegie
S01010;Hazelwood
E70855;Hazelwood
N05980;Allegheny Center
N45680;Spring Hill-City View
E70243;Bloomfield
X13740;Brookline
S08710;Carrick
X09330;Mount Washington
N45890;Allegheny Center
S00500;South Side Flats
E16020;Point Breeze
E45130;Lincoln-Lemington-Belmar
W17095;Westwood
E70290;Homewood South
N41310;Northview Heights
E70268;Larimer
E16580;Polish Hill
N15420;Manchester
S00850;South Oakland
X01970;Mount Washington
E70841;Hazelwood
N12790;Brighton Heights
E57790;Point Breeze
N14710;Perry South
X00610;Banksville
E25360;Hazelwood
E02080;Crawford-Roberts
E57500;Squirrel Hill North
E18420;Shadyside
N15300;Summer Hill
E25358;Greenfield
E08130;South Oakland
S33270;Knoxville
E25100;Greenfield
N10560;Marshall-Shadeland
E42940;East Hills
W21660;West End
E02910;Upper Hill
W16150;Oakwood
E35220;Bloomfield
N18700;Perry North
N10280;Central Northside
E18430;Shadyside
E29870;Homewood North
E15800;Crawford-Roberts
E29730;Homewood South
E25085;Hazelwood
E29900;Point Breeze North
E57560;Squirrel Hill North
E15640;North Oakland
N39820;Brighton Heights
E29860;Homewood North
S42330;Brookline
E08180;South Oakland
S04500;South Side Slopes
E70343;Homewood North
S42450;Overbrook
E51400;Squirrel Hill North
W03460;Sheraden
E42850;Homewood South
E23605;Bloomfield
N54810;Brighton Heights
E45080;Lincoln-Lemington-Belmar
E70329;Homewood North
E70116;East Hills
X01945;Mount Washington
E15030;Garfield
E70047;Hazelwood
E20710;East Hills
W70115;Chartiers City
S26940;South Side Slopes
N12960;Brighton Heights
E35440;Bloomfield
X13610;Brookline
W03280;Sheraden
W16360;Westwood
S19340;Beltzhoover
N45800;Spring Hill-City View
N10770;Brighton Heights
X13660;Brookline
E16030;Point Breeze
E00430;Central Lawrenceville
E70399;Stanton Heights
E70996;Central Business District
N49450;Marshall-Shadeland
X70022;Mount Washington
N31856;Marshall-Shadeland
N43860;Perry North
N31845;California-Kirkbride
N05950;Allegheny Center
E02030;West Oakland
S11360;Beltzhoover
X03050;Brookline
E39370;Bloomfield
S05570;Knoxville
E45250;Lincoln-Lemington-Belmar
S00420;South Side Slopes
N10740;Brighton Heights
S42380;Brookline
E32222;Hazelwood
N41320;Northview Heights
N14490;Perry South
N40270;Brighton Heights
E44960;East Hills
W21800;West End
E70837;South Oakland
S16430;South Side Flats
E70865;Terrace Village
E20390;Homewood West
E02040;West Oakland
S00230;South Side Slopes
E48644;Crawford-Roberts
S00860;Hazelwood
N38860;Allegheny Center
E70741;Lincoln-Lemington-Belmar
E05000;Bloomfield
S00200;South Side Slopes
E20750;Larimer
E18630;Shadyside
E32742;Hazelwood
X13771;Brookline
E32745;Hazelwood
S42490;Brookline
W03370;Windgap
E70871;Terrace Village
E14400;Upper Hill
W03640;Chartiers City
S04660;South Side Slopes
S25670;Hazelwood
E48640;Crawford-Roberts
E17350;East Hills
E28705;Polish Hill
N52545;Troy Hill
S05236;Hays
N49471;Marshall-Shadeland
N13370;Brighton Heights
E19680;Squirrel Hill North
E70084;West Oakland
W17080;Westwood
N10880;Perry South
E08900;Regent Square
E57510;Squirrel Hill North
E06660;North Oakland
X19930;Brookline
W03300;Crafton Heights
X08925;Mount Washington
E70041;East Hills
S11400;Knoxville
S70500;Carrick
S47590;Beltzhoover
N14800;Perry South
E58060;Greenfield
E51050;Garfield
N10830;Brighton Heights
W21510;Elliott
E34990;Strip District
W21560;Elliott
E56340;Larimer
E20055;Squirrel Hill South
E70846;Hazelwood
X00620;Beechview
X20330;Brookline
E20500;Homewood West
N49500;Marshall-Shadeland
E05200;Squirrel Hill South
E34275;Larimer
W25670;Windgap
E19790;Bluff
E17422;Terrace Village
E70284;Morningside
W03340;Sheraden
E32350;Morningside
E23445;Bloomfield
N18275;Spring Hill-City View
N13143;Marshall-Shadeland
N10470;California-Kirkbride
E28722;Lower Lawrenceville
E02890;Upper Hill
E15665;North Oakland
E08045;East Liberty
S05235;Hays
S03950;Bon Air
E44890;East Hills
E20510;Homewood West
W03840;Windgap
W06800;Sheraden
S16620;South Side Flats
E02930;Garfield
S00320;South Side Slopes
E48641;Crawford-Roberts
E70368;East Liberty
S01200;South Oakland
N12645;Brighton Heights
X07030;Duquesne Heights
N70009;Marshall-Shadeland
S70311;Beltzhoover
N17350;East Allegheny
E45150;Lincoln-Lemington-Belmar
S70275;South Side Slopes
E00180;Strip District
W17130;Westwood
E35060;Polish Hill
W14450;Crafton Heights
S04730;South Side Slopes
S01140;Hazelwood
N10570;Brighton Heights
N14580;Perry South
E05180;Squirrel Hill South
E16110;Point Breeze
S45320;Beltzhoover
N49620;Marshall-Shadeland
S11420;Knoxville
N49510;Brighton Heights
S04270;Allentown
N49610;Marshall-Shadeland
N18220;Northview Heights
N31907;Spring Hill-City View
E28590;Greenfield
N31862;Marshall-Shadeland
X18840;Mount Washington
E05190;Squirrel Hill South
N52620;Troy Hill
N17880;Northview Heights
X07000;Duquesne Heights
S00410;South Side Slopes
E70777;Bedford Dwellings
S34310;New Homestead
X01905;Mount Washington
X08960;Mount Washington
E01960;Crawford-Roberts
E55320;Lincoln-Lemington-Belmar
W16560;Westwood
N31810;Manchester
X06890;Duquesne Heights
E29690;Homewood South
N49580;Brighton Heights
N54520;Perry South
S70269;Beltzhoover
S06275;Beltzhoover
S00870;Hazelwood
X16330;Mount Washington
E70021;East Hills
S25590;Hazelwood
E57570;Squirrel Hill North
E06250;Greenfield
E05960;Greenfield
E53070;Stanton Heights
N38830;Allegheny Center
E08185;South Oakland
E70403;Hazelwood
E70301;Upper Hill
E58080;Greenfield
S10590;Bon Air
E34870;Strip District
E06370;Squirrel Hill North
E19440;Bluff
E07890;Greenfield
X18780;Mount Washington
E29890;Point Breeze
E03910;West Oakland
W21940;Elliott
E56800;Upper Hill
E35395;Bloomfield
E14050;Shadyside
S16520;South Shore
N10230;Brighton Heights
N10400;Brighton Heights
E16190;West Oakland
E70112;Lincoln-Lemington-Belmar
E17296;Homewood South
X00670;Banksville
N31878;Marshall-Shadeland
E70335;East Liberty
S11380;Beltzhoover
N14825;Manchester
N43390;Perry North
E14170;Morningside
N33710;Chateau
S47600;Beltzhoover
E70850;Hazelwood
E11750;Central Lawrenceville
W26186;Fairywood
W14360;Sheraden
S21700;Mount Washington
N44030;Perry South
N14550;Perry South
S70565;St. Clair
S11410;Knoxville
X00570;Beechview
N10390;Brighton Heights
S04520;Arlington
W21480;Crafton Heights
E32450;Morningside
E17393;East Liberty
N45820;Troy Hill
N49480;Brighton Heights
E16010;East Liberty
S13450;Bon Air
W03600;Crafton Heights
E70421;Homewood West
X00600;Beechview
E08056;Garfield
E70246;Bloomfield
E07870;Hazelwood
X01930;Mount Washington
E45180;Lincoln-Lemington-Belmar
E16620;Polish Hill
E16100;Point Breeze
E15060;Garfield
E42990;Lincoln-Lemington-Belmar
E51260;Squirrel Hill North
N44040;Perry North
E01030;Bluff
E70939;Terrace Village
E39400;Upper Hill
E19700;Squirrel Hill North
X00750;Banksville
N13540;Fineview
X00590;Banksville
N14790;Perry South
N18185;Perry North
E58050;Greenfield
E57180;Swisshelm Park
E18500;Shadyside
N13120;Brighton Heights
W03400;Sheraden
E07880;Hazelwood
E70002;Strip District
S09710;Carrick
W25680;Windgap
E04900;North Oakland
X07080;Duquesne Heights
E08050;East Liberty
S34080;Hays
E55303;Lincoln-Lemington-Belmar
E06280;Squirrel Hill South
E48890;West Oakland
E32240;Upper Hill
E70747;Lincoln-Lemington-Belmar
E70868;Terrace Village
E07910;Greenfield
E35050;Strip District
X05880;Brookline
E17320;East Hills
E17395;East Liberty
N33705;Chateau
E11590;Lower Lawrenceville
E07920;Hazelwood
N52655;Troy Hill
E42880;Homewood South
E29830;Homewood South
N15040;Spring Garden
E46160;Point Breeze
N53753;Chateau
S70312;Knoxville
W03390;Sheraden
E17355;East Hills
S70250;Beltzhoover
X01880;Mount Washington
E09400;Regent Square
E03290;Greenfield
W14300;Crafton Heights
W14490;Sheraden
E52770;Morningside
E13210;Central Business District
N49490;Brighton Heights
X18790;Mount Washington
E52740;Stanton Heights
S27030;South Side Slopes
E06470;Squirrel Hill North
E70990;Central Business District
E70983;Hazelwood
X17729;Mount Washington
X06990;Duquesne Heights
X20310;Brookline
X13500;Brookline
E46270;Point Breeze North
W03630;Chartiers City
N38700;East Allegheny
S47680;Beltzhoover
E35770;Lincoln-Lemington-Belmar
E16270;Lincoln-Lemington-Belmar
W26340;Fairywood
N43830;Perry North
S34190;Lincoln Place
X18720;Mount Washington
N43760;Perry South
X03180;Brookline
X17700;Mount Washington
X17720;Mount Washington
E70410;Upper Lawrenceville
E11870;Upper Lawrenceville
N12980;Brighton Heights
E20800;East Hills
X15250;Brookline
E06315;Greenfield
E32736;Glen Hazel
W14570;Windgap
X17677;Mount Washington
W16370;Westwood
E35210;Bloomfield
N15030;East Allegheny
E15100;Garfield
N14500;Perry South
X08927;Mount Washington
E07915;Hazelwood
W18190;Westwood
X20000;Beechview
E70943;North Oakland
W70084;Esplen
S00900;South Oakland
N12710;Brighton Heights
N06010;Allegheny Center
E42890;Homewood South
E29980;Point Breeze North
N05860;North Shore
E70945;Garfield
N08020;Chateau
E42900;Homewood South
E70886;Squirrel Hill South
S00660;Bluff
E17368;East Liberty
E35970;Larimer
E07050;Terrace Village
E70288;East Liberty
N10900;Perry South
E51490;Squirrel Hill North
S35500;Allentown
N43790;Perry North
X19990;Beechview
N15010;East Allegheny
N43660;Perry South
S47580;Beltzhoover
N12685;Brighton Heights
E02929;Garfield
W14350;Crafton Heights
S06276;Knoxville
E48690;East Hills
E34830;Lincoln-Lemington-Belmar
S27680;Knoxville
S27040;South Side Slopes
E46700;Point Breeze
S01150;Hazelwood
W21700;Crafton Heights
E52720;Morningside
N43820;Perry North
X01995;Mount Washington
X17735;Mount Washington
E08160;Bluff
E03930;Terrace Village
E36050;Lincoln-Lemington-Belmar
E57710;Squirrel Hill North
S70258;Mt. Oliver
E17314;Polish Hill
X13710;Brookline
N45690;Spring Hill-City View
W21740;West End
E15070;Garfield
E44795;Squirrel Hill South
E47720;Squirrel Hill South
S06305;Beltzhoover
S70499;Carrick
X17680;Mount Washington
W03990;Chartiers City
P00220;Bluff
E70254;East Hills
S27070;South Side Slopes
N54620;Marshall-Shadeland
X06860;Duquesne Heights
X02010;Mount Washington
X01250;Mount Washington
E34310;Lincoln-Lemington-Belmar
E51070;Garfield
N43470;Perry South
S70589;Overbrook
N13350;Brighton Heights
E52630;Stanton Heights
S70145;South Oakland
E70111;Garfield
W03800;Sheraden
E70746;Lincoln-Lemington-Belmar
N14660;Perry South
E70245;Lower Lawrenceville
W70117;Crafton Heights
E57620;Point Breeze
S19330;Beltzhoover
X20370;Brookline
N17882;Summer Hill
E07000;Terrace Village
E04580;Garfield
N50250;Spring Hill-City View
E54160;West Oakland
W70114;Crafton Heights
E06035;Squirrel Hill South
E25352;Greenfield
S00990;Hazelwood
E32345;Morningside
W14480;Windgap
E05940;Squirrel Hill South
E15120;Swisshelm Park
E19750;Bluff
N12850;Marshall-Shadeland
N14940;East Allegheny
E07600;Polish Hill
S70143;South Oakland
E51350;Point Breeze
S00290;South Side Slopes
N05890;North Shore
X03440;Brookline
E15860;Crawford-Roberts
E48490;Point Breeze
N12975;Brighton Heights
N35560;Northview Heights
E09620;Polish Hill
S42320;Brookline
W01870;Windgap
N18005;Spring Hill-City View
E56220;Lincoln-Lemington-Belmar
E03926;Terrace Village
W26350;Fairywood
E25090;Greenfield
S04760;Arlington
E48642;Crawford-Roberts
S34360;Lincoln Place
E70762;Larimer
E70371;West Oakland
W14220;Crafton Heights
X07050;Duquesne Heights
S16610;South Side Flats
N13050;California-Kirkbride
E48910;West Oakland
S47560;Beltzhoover
N13100;Brighton Heights
E51270;Squirrel Hill North
E11922;Stanton Heights
N14780;Perry South
E05990;Greenfield
E34300;Lincoln-Lemington-Belmar
E20620;East Hills
E45325;Regent Square
S01260;Hazelwood
S12510;Beltzhoover
S70600;Hays
E28620;Greenfield
N18610;Spring Hill-City View
N43810;Perry North
E32751;Glen Hazel
S70531;Carrick
N71304;Spring Hill-City View
X08930;Mount Washington
E70852;Hazelwood
N23220;Troy Hill
N50280;Spring Hill-City View
E70992;Central Business District
X17653;Mount Washington
E08240;Bluff
N13215;Brighton Heights
E17300;Polish Hill
E32746;Glen Hazel
E25364;Greenfield
E70863;Squirrel Hill South
N13260;Brighton Heights
X20200;Brookline
E25357;Greenfield
S25570;Lincoln Place
S47710;Beltzhoover
E34559;Larimer
S35210;Mt. Oliver
N27990;Chateau
E51300;Squirrel Hill North
N43770;Perry South
E29990;Point Breeze North
S00670;Glen Hazel
S01040;Hazelwood
S70501;Carrick
E52990;Central Lawrenceville
W14210;Windgap
E18480;Shadyside
S70249;Beltzhoover
N14730;Perry South
N45750;Spring Hill-City View
S16410;South Side Flats
W06780;Sheraden
S26990;South Side Slopes
W18280;Westwood
X01900;Mount Washington
X15270;Duquesne Heights
N49960;Summer Hill
E01310;West Oakland
N12900;California-Kirkbride
E29365;Squirrel Hill South
E04840;Bloomfield
E29700;Homewood South
E32460;Morningside
E48500;Point Breeze
E35980;Larimer
E16560;Polish Hill
X00760;Banksville
N10890;Brighton Heights
W21410;West End
E20770;Larimer
X70029;Mount Washington
E29360;Garfield
S70264;Beltzhoover
E15880;Central Business District
W21100;Esplen
N08100;Chateau
E02900;Upper Hill
S00460;South Side Slopes
S16600;South Shore
S00430;South Side Slopes
S06274;Allentown
E29820;Homewood South
N05870;North Shore
E51531;Point Breeze
E70749;Lincoln-Lemington-Belmar
E70743;Lincoln-Lemington-Belmar
E25362;Greenfield
E51330;Squirrel Hill South
E18490;Shadyside
E57980;East Hills
N52670;Troy Hill
E25347;Hazelwood
W03620;Sheraden
S12530;Beltzhoover
S06271;Allentown
E16540;Crawford-Roberts
E32737;Glen Hazel
W21960;Elliott
W25750;Windgap
N43480;Perry South
W22010;Crafton Heights
E15050;Garfield
N54640;Marshall-Shadeland
E54140;West Oakland
E70763;Larimer
E52980;Stanton Heights
E19740;Squirrel Hill North
S70529;Carrick
S00680;Hazelwood
E58130;Greenfield
N28060;Spring Garden
N50260;Spring Hill-City View
E52735;Stanton Heights
X03430;Brookline
N10590;Brighton Heights
W17100;Westwood
N50230;Spring Hill-City View
N49560;Brighton Heights
E17367;East Liberty
S25490;Lincoln Place
E19420;Point Breeze
E44797;Squirrel Hill South
X09310;Mount Washington
X13590;Brookline
S42300;Overbrook
N14460;Perry South
X07010;Duquesne Heights
E70748;Lincoln-Lemington-Belmar
S47730;Mount Washington
N71266;Summer Hill
N13250;Manchester
W25950;Esplen
W25775;Windgap
E52995;Central Lawrenceville
E17325;East Hills
E11160;Highland Park
S25460;Lincoln Place
X05460;Duquesne Heights
E01440;Bluff
X13580;Brookline
E04670;Morningside
W26190;Fairywood
E34270;Lincoln-Lemington-Belmar
S34270;New Homestead
N14690;Perry South
E70862;Squirrel Hill South
N54790;Perry South
E70331;Homewood North
E34450;Larimer
E51580;Squirrel Hill North
S05560;Knoxville
X15600;Mount Washington
E08051;Garfield
N52600;Troy Hill
X08900;Mount Washington
W21550;Elliott
S04770;Arlington
E04680;Morningside
W17560;Elliott
E01450;West Oakland
W10950;Windgap
E57770;Squirrel Hill North
S19350;Beltzhoover
N71263;Perry North
N52550;East Allegheny
E29850;Homewood North
E25371;Greenfield
E70753;Lincoln-Lemington-Belmar
E28610;Greenfield
W21950;Elliott
E70400;Squirrel Hill South
S25510;Lincoln Place
E70797;Middle Hill
S42415;Beechview
E51540;Squirrel Hill North
E13770;East Liberty
E34760;Lincoln-Lemington-Belmar
E53470;Bluff
E28730;Polish Hill
E70864;Squirrel Hill South
N17815;Spring Hill-City View
E34268;Lincoln-Lemington-Belmar
N22065;Lincoln-Lemington-Belmar
E01400;South Oakland
X20410;Beechview
N14670;Perry South
E07800;Polish Hill
E48646;Crawford-Roberts
N17860;Northview Heights
N25500;Fineview
E70419;Larimer
X70068;Mount Washington
S70532;Carrick
N14510;Perry South
S00730;South Oakland
E14300;Morningside
E70377;Homewood West
E51430;Squirrel Hill South
E00445;Central Lawrenceville
E06490;Squirrel Hill North
S12470;Beltzhoover
E08070;Bluff
N14470;Perry South
E70895;Greenfield
X00800;Banksville
X08050;Mount Washington
W14540;Crafton Heights
X18730;Mount Washington
E45200;Lincoln-Lemington-Belmar
E06430;Squirrel Hill North
S12550;Beltzhoover
X01280;Allentown
N14570;Perry South
E07790;Polish Hill
E70856;Hazelwood
S31610;Lincoln Place
N39850;Brighton Heights
X70056;Mount Washington
N44020;Perry South
X70054;Mount Washington
E52710;Upper Lawrenceville
E70984;Hazelwood
N46060;Fineview
E36052;Lincoln-Lemington-Belmar
X01935;Mount Washington
N43650;Perry South
N50240;Spring Hill-City View
E35393;Bloomfield
E05230;Squirrel Hill South
S34070;Lincoln Place
S01100;South Oakland
X01920;Mount Washington
S44970;Mt. Oliver
S12500;Beltzhoover
W14420;Windgap
S12520;Beltzhoover
N17870;Northview Heights
N52605;East Allegheny
E42950;East Hills
S70503;Carrick
X70078;Brookline
N10640;California-Kirkbride
E09600;Polish Hill
E06440;Squirrel Hill North
E19620;Bluff
E28660;Hazelwood
S21705;Mount Washington
X08920;Mount Washington
E20600;Larimer
E29910;Homewood North
X17690;Mount Washington
N32590;Summer Hill
E42960;East Hills
E70848;Hazelwood
E15890;Central Business District
N45830;Troy Hill
S10610;Bon Air
S13480;Bon Air
E05515;East Liberty
E70370;West Oakland
N31905;Spring Hill-City View
N50320;Spring Garden
S70601;Beltzhoover
E07770;Polish Hill
E70142;Greenfield
S42460;Brookline
W70137;Crafton Heights
E15840;Crawford-Roberts
E26570;Homewood West
N14900;Manchester
E70951;East Hills
E52970;Central Lawrenceville
E06420;Squirrel Hill North
E04510;Garfield
E09650;Polish Hill
X17737;Mount Washington
E48470;Point Breeze
W70113;Sheraden
E07630;Polish Hill
E49310;Terrace Village
E70407;West Oakland
E18510;Shadyside
E04540;Garfield
N25530;Fineview
E70750;Lincoln-Lemington-Belmar
X08940;Mount Washington
W21610;Elliott
E04520;Garfield
S10600;Bon Air
E56200;Lincoln-Lemington-Belmar
E70859;Polish Hill
E32750;Glen Hazel
E04690;Morningside
S42440;Overbrook
X20170;Beechview
E70333;Homewood North
E48880;West Oakland
E06040;Squirrel Hill South
E29750;Homewood North
N28130;Summer Hill
W16400;Oakwood
S00310;South Side Slopes
S04530;South Side Slopes
S34280;Hays
E70860;Central Oakland
X17655;Mount Washington
E32755;Glen Hazel
E70896;Morningside
S70528;Carrick
S27050;South Side Slopes
E54170;West Oakland
E20760;Homewood West
E26660;Homewood West
E35772;Homewood West
S25530;Lincoln Place
E04665;Morningside
E34790;Lincoln-Lemington-Belmar
E52640;Upper Lawrenceville
S44960;Mt. Oliver
E02925;Garfield
N25360;Perry South
X13730;Brookline
N29840;Troy Hill
S70530;Carrick
E48520;Point Breeze
N28040;Spring Garden
S70265;South Side Flats
S44990;Mt. Oliver
W14495;Sheraden
S25470;Lincoln Place
S34160;Lincoln Place
N10270;Perry South
S45040;Mt. Oliver
X00740;Banksville
X17732;Mount Washington
S34180;Lincoln Place
S34170;Lincoln Place
N43740;Central Northside
E70745;Lincoln-Lemington-Belmar
S35490;South Side Slopes
S70502;Carrick
N15310;Summer Hill
E53130;Stanton Heights
N28080;Spring Hill-City View
S45010;Mt. Oliver
W03350;Crafton Heights
N15280;Summer Hill
X17660;Mount Washington
X08910;Mount Washington
S34150;Lincoln Place
W03980;Crafton Heights
E32754;Glen Hazel
E70843;Hazelwood
E53050;Central Lawrenceville
S26950;South Side Slopes
E25366;Greenfield
N10610;Allegheny West
X06910;Mount Washington
X15590;Duquesne Heights
S26980;South Side Slopes
E48510;Point Breeze
S25660;Hazelwood
W25910;Elliott
S42275;Beechview
E43030;Lincoln-Lemington-Belmar
E06140;Greenfield
E70739;Lincoln-Lemington-Belmar
E53150;Central Lawrenceville
E56400;Larimer
E70455;Homewood North
W04070;Sheraden
S12460;Beltzhoover
E32760;Glen Hazel
S05490;Knoxville
E51360;Squirrel Hill North
E28630;Greenfield
E07550;Polish Hill
X01950;Mount Washington
E32415;Morningside
E32420;Morningside
E34810;Lincoln-Lemington-Belmar
N18590;Spring Hill-City View
S25580;Lincoln Place
E29920;Homewood North
E70752;Lincoln-Lemington-Belmar
S70602;Knoxville
E34780;Lincoln-Lemington-Belmar
E70744;Lincoln-Lemington-Belmar
E34820;Lincoln-Lemington-Belmar
X17675;Mount Washington
S70262;Knoxville
E70297;Upper Hill
E28725;Polish Hill
E57680;Squirrel Hill North
E15780;Crawford-Roberts
N18010;Spring Hill-City View
N10420;Marshall-Shadeland
N15020;East Allegheny
X00580;Banksville
E48480;Point Breeze
E15970;Larimer
E55860;Terrace Village
N15330;Summer Hill
E20385;East Hills
W16830;Oakwood
E41360;Squirrel Hill North
E16160;Squirrel Hill South
N12885;Manchester
W17810;Crafton Heights
N14645;Perry South
E20470;Larimer
S01060;Hazelwood
S34340;Lincoln Place
N41755;Manchester
N10910;Perry South
W70059;Oakwood
E52560;Upper Lawrenceville
N28090;Spring Garden
X08950;Mount Washington
N45950;Allegheny West
S34400;Lincoln Place
E52900;Stanton Heights
N45850;Troy Hill
S34305;Lincoln Place
E57610;Squirrel Hill North
X17727;Mount Washington
N28180;Summer Hill
E70985;Hazelwood
E70986;Hazelwood
N28100;East Allegheny
E70328;Lincoln-Lemington-Belmar
E53110;Stanton Heights
N28280;Perry North
N18180;Spring Hill-City View
W03895;Crafton Heights
X70077;Mount Washington
S35470;South Side Slopes
N37320;Spring Garden
N13210;Brighton Heights
N50220;Spring Hill-City View
E70740;Lincoln-Lemington-Belmar
E29940;Point Breeze
N28050;Spring Hill-City View
N50645;Spring Garden
N04630;Manchester
S35510;Allentown
N17850;Northview Heights
N44060;Perry North
W10970;Windgap
E35910;Larimer
E70300;Upper Hill
N50470;Spring Garden
N15285;Summer Hill
S13440;Bon Air
X00640;Beechview
E70844;Hazelwood
N50520;Spring Garden
E55340;Lincoln-Lemington-Belmar
E53090;Central Lawrenceville
N22070;Lincoln-Lemington-Belmar
S10620;Bon Air
E34353;Larimer
E53020;Stanton Heights
N50770;Spring Garden
E57970;East Hills
E06050;Squirrel Hill South
N13175;Manchester
N44050;Perry North
N28270;Perry North
N53645;Allegheny West
W25810;Esplen
W10650;Sheraden
E51310;Squirrel Hill South
N14915;Chateau
N08090;Chateau
E02931;Garfield
E19860;Squirrel Hill North
N50630;East Allegheny
E09580;Polish Hill
E51280;Squirrel Hill South
N50330;Spring Garden
S16400;South Shore
N52650;Troy Hill
W18290;East Carnegie
E70237;Homewood West
S24150;Overbrook
S00300;South Side Slopes
E52230;Lincoln-Lemington-Belmar
W21720;Crafton Heights
E53080;Stanton Heights
E36100;Larimer
N25490;Fineview
W70158;Esplen
N25370;Fineview
W03520;Crafton Heights
E41050;Squirrel Hill South
S47620;Beltzhoover
N50610;Spring Garden
E20630;East Hills
N33040;Perry North
S47570;Beltzhoover
W03910;Sheraden
N14770;Perry South
N14860;Manchester
E70742;Lincoln-Lemington-Belmar
E53440;Bluff
N14452;Summer Hill
E05270;Squirrel Hill South
E70953;Polish Hill
E25328;Greenfield
E54460;Squirrel Hill South
N14910;Manchester
E51320;Squirrel Hill South
W03610;Elliott
X70067;Mount Washington
N25510;Central Northside
N43800;Perry North
E52600;Upper Lawrenceville
N28240;Summer Hill
E52730;Upper Lawrenceville
W14580;Crafton Heights
E55260;Homewood North
N50340;Spring Garden
W18250;Oakwood
N15315;Summer Hill
E70849;Hazelwood
N50510;Spring Garden
E58020;Lincoln-Lemington-Belmar
N12972;Brighton Heights
N50400;Spring Garden
N71253;Spring Hill-City View
E52840;Stanton Heights
W14430;Sheraden
N51620;Spring Hill-City View
N45905;Allegheny West
E05220;Squirrel Hill South
N28110;Summer Hill
E70995;Central Business District
S00925;Bluff
X20230;Brookline
N18820;Summer Hill
E01230;Larimer
E70847;Hazelwood
E12350;Upper Lawrenceville
S34060;Lincoln Place
E56210;Lincoln-Lemington-Belmar
S34220;Lincoln Place
X01960;Mount Washington
S35610;South Side Slopes
N51640;Spring Hill-City View
X06940;Mount Washington
S34330;New Homestead
S70515;Carrick
N50450;Spring Garden
E41070;Squirrel Hill North
S25610;Hazelwood
S42270;Overbrook
E52870;Stanton Heights
E41400;Squirrel Hill North
W21730;Crafton Heights
N45490;Summer Hill
N18210;Northview Heights
E01040;West Oakland
E55350;Lincoln-Lemington-Belmar
X13550;Brookline
E25339;Greenfield
E34320;Larimer
E12100;Stanton Heights
W21900;Crafton Heights
S26960;South Side Slopes
S14670;Bon Air
E41365;Squirrel Hill North
N18320;Spring Hill-City View
X20240;Beechview
E06940;Terrace Village
N10540;Marshall-Shadeland
N53670;Allegheny West
N14647;Perry South
N45940;Allegheny West
N50410;Spring Garden
E26450;Larimer
X09320;Mount Washington
N14890;Manchester
E01910;South Oakland
N54540;Perry South
E29950;Point Breeze
S13500;Bon Air
N53650;Allegheny West
S19320;Beltzhoover
N53750;Allegheny West
W03410;Crafton Heights
E06950;Terrace Village
W01860;Windgap
N31886;Marshall-Shadeland
E34330;Larimer
E54470;Squirrel Hill South
X70055;Mount Washington
N50680;Spring Garden
E52820;Stanton Heights
E29800;Homewood North
N14540;Perry South
E52910;Stanton Heights
E41080;Squirrel Hill North
E52860;Stanton Heights
S25680;Hazelwood
N12930;California-Kirkbride
N25520;Fineview
E41390;Squirrel Hill North
E51550;Point Breeze
N50350;Spring Garden
E41320;Squirrel Hill North
W10940;Windgap
E51450;Squirrel Hill South
E06215;Greenfield
S18010;Overbrook
W02450;Fairywood
W02440;Fairywood
E41060;Squirrel Hill South
N53640;Allegheny West
E08210;Bluff
E55250;Homewood North
N50620;Spring Garden
W03705;Elliott
S42410;Overbrook
S34300;Lincoln Place
X00078;Mount Washington
N14920;Manchester
N14870;Manchester
N28210;Perry North
W17980;East Carnegie
E06160;Greenfield
N28120;Summer Hill
N50750;Spring Garden
S70516;Carrick
E06230;Squirrel Hill South
W17150;Oakwood
N71278;Spring Garden
S18030;Overbrook
N45840;Troy Hill
N53760;Allegheny West
N50650;Spring Garden
N52640;Troy Hill
N50440;Spring Garden
X17652;Mount Washington
E70991;Central Business District
E70982;Hazelwood
E70987;Hazelwood
E70988;Hazelwood
E70981;Hazelwood
E41310;Squirrel Hill North
E02010;West Oakland
E70842;Hazelwood
N28230;Summer Hill
E26480;Larimer
N14820;Manchester
E70756;Morningside
W25990;Elliott
S70260;Mount Washington
E70179;Larimer
N50360;East Allegheny
E56440;Highland Park
E06180;Greenfield
E16600;Polish Hill
S35600;Allentown
S23810;Overbrook
W18270;East Carnegie
N28290;Summer Hill
W25860;Esplen
E53030;Central Lawrenceville
N12120;Perry South
W17640;Crafton Heights
E29361;Garfield
W17360;East Carnegie
W25940;Esplen
S06273;Beltzhoover
E43040;Lincoln-Lemington-Belmar
E30010;Point Breeze
E70334;Homewood North
E56370;Larimer
E51290;Squirrel Hill South
W17600;Elliott
E55304;Lincoln-Lemington-Belmar
E70759;Stanton Heights
N50380;Spring Garden
E53430;Bluff
N14720;Perry South
E56360;Lincoln-Lemington-Belmar
N15340;Summer Hill
N10320;California-Kirkbride
E12280;Stanton Heights
N14640;Perry South
S05232;Hays
N04650;Central Northside
N70003;Spring Garden
N04560;Manchester
N04640;Allegheny West
N33200;Fineview
E56190;Lincoln-Lemington-Belmar
E34590;Lincoln-Lemington-Belmar
W18520;West End
N50480;Spring Garden
E32738;Glen Hazel
E09590;Polish Hill
N44000;Perry South
E25363;Greenfield
N50570;Spring Garden
N70002;Spring Garden
N45160;Chateau
N08000;Chateau
E70761;Morningside
E70760;Morningside
E56390;Larimer
E58030;Lincoln-Lemington-Belmar
E43000;Lincoln-Lemington-Belmar
N25380;Fineview
S17980;Overbrook
N50390;Spring Garden
N10330;Perry South
E26650;Larimer
E70048;Glen Hazel
N10710;Brighton Heights
N71267;Summer Hill
E70757;Morningside
E26490;Larimer
X00630;Banksville
N50270;Spring Hill-City View
S35520;Allentown
E16170;Squirrel Hill South
E70239;Homewood West
E70758;Morningside
S35540;South Shore
E08330;Bluff
E70853;Hazelwood
N50760;Spring Garden
E32224;Squirrel Hill South
E08260;Bluff
S35460;South Shore
X00700;Beechview
X00780;Banksville
X00710;Banksville
X00720;Banksville
E08170;Bluff
N10060;Chateau
N14455;Summer Hill
E26540;Larimer
E26620;Larimer
E34570;Lincoln-Lemington-Belmar
E34770;Lincoln-Lemington-Belmar
N33700;Chateau
E51560;Squirrel Hill South
N50690;Spring Garden
N50640;Spring Garden
N52590;Troy Hill
E56295;Highland Park
E56300;Larimer
E58040;Lincoln-Lemington-Belmar
